"run","onElapsedMs","offElapsedMs","onCpuMs","offCpuMs","onHeapDeltaBytes","offHeapDeltaBytes","onRowsProcessed","offRowsProcessed","onRowsPerSec","offRowsPerSec"
"1","109","103","125","109.375","11301648","8174400","68433","68433","627825.688073394","664398.058252427"
"2","108","104","93.75","109.375","11400320","8033896","68433","68433","633638.888888889","658009.615384615"
"3","142","139","156.25","140.625","11184744","8671824","68433","68433","481922.535211268","492323.741007194"
"4","113","108","125","109.375","11682832","7950128","68433","68433","605601.769911504","633638.888888889"
"5","129","109","125","125","11902216","6808128","68433","68433","530488.372093023","627825.688073394"
