"run","onElapsedMs","offElapsedMs","onCpuMs","offCpuMs","onHeapDeltaBytes","offHeapDeltaBytes","onRowsProcessed","offRowsProcessed","onRowsPerSec","offRowsPerSec"
"1","848","109","937.5","109.375","109220104","-27928432","68433","68433","80699.2924528302","627825.688073394"
"2","843","107","828.125","78.125","-90150304","174063616","68433","68433","81177.9359430605","639560.747663551"
"3","845","108","828.125","109.375","-91785104","-27403296","68433","68433","80985.798816568","633638.888888889"
"4","873","106","828.125","93.75","109080256","-27512344","68433","68433","78388.3161512027","645594.339622642"
"5","847","113","828.125","109.375","-92062704","-27294336","68433","68433","80794.5690672963","605601.769911504"
