"run","onElapsedMs","offElapsedMs","onCpuMs","offCpuMs","onHeapDeltaBytes","offHeapDeltaBytes","onRowsProcessed","offRowsProcessed","onRowsPerSec","offRowsPerSec"
"1","109","104","109.375","109.375","13165696","8661584","68433","68433","627825.688073394","658009.615384615"
"2","142","99","125","109.375","12410568","8446952","68433","68433","481922.535211268","691242.424242424"
"3","109","105","109.375","93.75","12617496","7128768","68433","68433","627825.688073394","651742.857142857"
"4","123","108","125","109.375","12413248","7898952","68433","68433","556365.853658537","633638.888888889"
"5","121","111","125","125","12414464","6881920","68433","68433","565561.983471074","616513.513513513"
