"run","onElapsedMs","offElapsedMs","onCpuMs","offCpuMs","onHeapDeltaBytes","offHeapDeltaBytes","onRowsProcessed","offRowsProcessed","onRowsPerSec","offRowsPerSec"
"1","114","110","109.375","109.375","9123776","4403472","68433","68433","600289.47368421","622118.181818182"
"2","118","110","125","109.375","8327536","3722368","68433","68433","579940.677966102","622118.181818182"
"3","135","149","140.625","171.875","7760848","4186208","68433","68433","506911.111111111","459281.879194631"
"4","140","108","140.625","109.375","7824816","2560560","68433","68433","488807.142857143","633638.888888889"
"5","122","114","125","109.375","6579168","3528736","68433","68433","560926.229508197","600289.47368421"
