"run","onElapsedMs","offElapsedMs","onCpuMs","offCpuMs","onHeapDeltaBytes","offHeapDeltaBytes","onRowsProcessed","offRowsProcessed","onRowsPerSec","offRowsPerSec"
"1","112","112","109.375","109.375","14913472","6436352","68433","68433","611008.928571429","611008.928571429"
"2","120","132","125","140.625","14408488","5773904","68433","68433","570275","518431.818181818"
"3","136","110","125","109.375","14731864","-161742728","68433","68433","503183.823529412","622118.181818182"
"4","133","105","140.625","109.375","14730504","6280880","68433","68433","514533.834586466","651742.857142857"
"5","128","116","125","93.75","14463600","6232320","68433","68433","534632.8125","589939.655172414"
