"run","onElapsedMs","offElapsedMs","onCpuMs","offCpuMs","onHeapDeltaBytes","offHeapDeltaBytes","onRowsProcessed","offRowsProcessed","onRowsPerSec","offRowsPerSec"
"1","4851","109","3390.625","109.375","-134147248","2190648","68433","68433","14106.9882498454","627825.688073394"
"2","5061","112","3703.125","109.375","35970672","2020168","68433","68433","13521.6360403082","611008.928571429"
"3","4548","109","3515.625","109.375","35817720","1759744","68433","68433","15046.8337730871","627825.688073394"
"4","4945","130","3812.5","156.25","36164280","1641816","68433","68433","13838.8270980789","526407.692307692"
"5","4717","139","3390.625","140.625","-134190312","2063952","68433","68433","14507.7379690481","492323.741007194"
